GAIN v1,GAIN v1,GAIN v1,GAIN v1,GAIN v1
mRMSE,RMSE num,RMSE cat,PFC (%),Execution time (seconds)
[0.314; 0.3198],[0.0; 0.0],[0.314; 0.3198],[9.8626; 10.2296],[200.9038; 205.0098]
[0.3052; 0.3096],[0.0; 0.0],[0.3052; 0.3096],[9.3149; 9.5851],[291.0009; 293.9769]
[0.1468; 0.155],[0.1468; 0.155],[0.0; 0.0],[0.0; 0.0],[85.4667; 87.3249]
[0.2587; 0.2775],[0.2587; 0.2775],[0.0; 0.0],[0.0; 0.0],[25.9867; 26.2843]
[0.5131; 0.5379],[0.2566; 0.2902],[0.4418; 0.455],[19.5307; 20.7001],[112.6758; 114.6458]
[0.5189; 0.5403],[0.2757; 0.3041],[0.4365; 0.4493],[19.0597; 20.1857],[135.7127; 137.4503]
[0.3266; 0.334],[0.1229; 0.1291],[0.3006; 0.3098],[9.0348; 9.6052],[131.4675; 133.4017]
[0.3041; 0.3159],[0.0834; 0.1078],[0.2881; 0.3005],[8.3088; 9.0344],[131.3688; 132.8916]
[0.4895; 0.5565],[0.2243; 0.2331],[0.4335; 0.5063],[18.6812; 25.9914],[186.7986; 190.8112]
