MissForest,MissForest,MissForest,MissForest,MissForest
mRMSE,RMSE num,RMSE cat,PFC (%),Execution time (seconds)
[0.2744; 0.276],[0.0; 0.0],[0.2744; 0.276],[7.5303; 7.6139],[168.229; 212.7282]
[0.2892; 0.2922],[0.0; 0.0],[0.2892; 0.2922],[8.3652; 8.5428],[145.3195; 189.6845]
[0.0668; 0.067],[0.0668; 0.067],[0.0; 0.0],[0.0; 0.0],[153.8289; 187.0813]
[0.0872; 0.0876],[0.0872; 0.0876],[0.0; 0.0],[0.0; 0.0],[209.5631; 236.1317]
[0.3613; 0.3633],[0.0783; 0.0791],[0.3525; 0.3547],[12.4304; 12.5802],[587.0778; 746.9592]
[0.3698; 0.373],[0.0906; 0.0918],[0.3584; 0.3616],[12.8431; 13.0819],[476.4998; 563.2916]
[0.2589; 0.2609],[0.0476; 0.0478],[0.2545; 0.2565],[6.4744; 6.5786],[1055.2896; 1432.8576]
[0.2814; 0.284],[0.0515; 0.0517],[0.2767; 0.2793],[7.6563; 7.8007],[1078.4313; 1109.2753]
[0.3764; 0.3786],[0.0663; 0.0673],[0.3705; 0.3727],[13.725; 13.887],[10501.8434; 25315.8332]
