,,,,,,,,,,,,,,,,,,,,,,,,,
,,IMPUTATION,,,,,,,,,,,,,,,PREDICTION,,,,,,,,
,,0 % CTGAN,,,,,50 % CTGAN,,,,,100 % CTGAN,,,,,0 % CTGAN,,,50 % CTGAN,,,100 % CTGAN,,
Dataset,Missing %,mRMSE,RMSE num,RMSE cat,PFC (%),Execution time (seconds),mRMSE,RMSE num,RMSE cat,PFC (%),Execution time (seconds),mRMSE,RMSE num,RMSE cat,PFC (%),Execution time (seconds),Accuracy,AUROC,MSE,Accuracy,AUROC,MSE,Accuracy,AUROC,MSE
Mushroom,10,"[0.2729, 0.2747]",-,"[0.2729, 0.2747]","[7.45, 7.5462]","[223.7276, 245.5226]","[0.2744, 0.276]",-,"[0.2744, 0.276]","[7.5303, 7.6139]","[168.229, 212.7282]","[0.2746, 0.2764]",-,"[0.2746, 0.2764]","[7.5421, 7.6341]","[171.5507, 219.2267]","[0.9969, 0.9969]","[0.9968, 0.9968]",-,"[0.9969, 0.9969]","[0.9968, 0.9968]",-,"[0.9969, 0.9969]","[0.9968, 0.9968]",-
,30,"[0.2937, 0.2955]",-,"[0.2937, 0.2955]","[8.6236, 8.7328]","[214.6165, 237.4481]","[0.2892, 0.2922]",-,"[0.2892, 0.2922]","[8.3652, 8.5428]","[145.3195, 189.6845]","[0.2897, 0.2915]",-,"[0.2897, 0.2915]","[8.3935, 8.4923]","[180.1704, 214.3802]","[0.983, 0.9882]","[0.9824, 0.9876]",-,"[0.9854, 0.99]","[0.9847, 0.9895]",-,"[0.9848, 0.99]","[0.9869, 0.9869]",-
,50,"[0.3079, 0.3089]",-,"[0.3079, 0.3089]","[9.4787, 9.5435]","[214.0553, 225.9343]",-,-,-,-,-,-,-,-,-,-,"[0.9529, 0.9629]","[0.9514, 0.9616]",-,-,-,-,-,-,-
Letter,10,"[0.0667, 0.0669]","[0.0667, 0.0669]",-,-,"[147.3322, 153.5816]","[0.0668, 0.067]","[0.0668, 0.067]",-,-,"[153.8289, 187.0813]","[0.0669, 0.0671]","[0.0669, 0.0671]",-,-,"[205.8422, 272.709]","[0.8442, 0.8488]","[0.918, 0.9202]",-,"[0.8425, 0.8455]","[0.9166, 0.9184]",-,"[0.8421, 0.8459]","[0.8431, 0.8449]",-
,30,"[0.0861, 0.0865]","[0.0861, 0.0865]",-,-,"[178.4375, 184.6821]","[0.0872, 0.0876]","[0.0872, 0.0876]",-,-,"[209.5631, 236.1317]","[0.0872, 0.0876]","[0.0872, 0.0876]",-,-,"[306.2579, 312.1033]","[0.6633, 0.6775]","[0.8252, 0.8324]",-,"[0.6635, 0.6713]","[0.8259, 0.8303]",-,"[0.6616, 0.675]","[0.8246, 0.8316]",-
,50,"[0.1115, 0.1119]","[0.1115, 0.1119]",-,-,"[178.036, 185.4502]",-,-,-,-,-,-,-,-,-,-,"[0.469, 0.4838]","[0.7271, 0.7339]",-,-,-,-,-,-,-
Bank,10,"[0.3592, 0.361]","[0.0786, 0.0794]","[0.3505, 0.3523]","[12.2789, 12.4133]","[333.6991, 414.1127]","[0.3613, 0.3633]","[0.0783, 0.0791]","[0.3525, 0.3547]","[12.4304, 12.5802]","[587.0778, 746.9592]","[0.3616, 0.3638]","[0.0782, 0.079]","[0.353, 0.3552]","[12.4554, 12.617]","[819.2307, 1134.8067]","[0.8829, 0.8847]","[0.5845, 0.5909]",-,"[0.8825, 0.8843]","[0.5835, 0.5917]",-,"[0.8834, 0.8846]","[0.587, 0.5922]",-
,30,"[0.3727, 0.3751]","[0.0909, 0.0921]","[0.3614, 0.3636]","[13.0578, 13.223]","[320.3713, 367.4499]","[0.3698, 0.373]","[0.0906, 0.0918]","[0.3584, 0.3616]","[12.8431, 13.0819]","[476.4998, 563.2916]","[0.3715, 0.3755]","[0.0903, 0.0915]","[0.3602, 0.3644]","[12.9757, 13.2755]","[563.2048, 770.1138]","[0.884, 0.8864]","[0.5789, 0.5917]",-,"[0.8856, 0.887]","[0.5858, 0.5896]",-,"[0.8851, 0.8871]","[0.5827, 0.5933]",-
,50,"[0.4065, 0.4083]","[0.1241, 0.1269]","[0.3867, 0.3885]","[15.0212, 15.023]","[341.0437, 394.7891]",-,-,-,-,-,-,-,-,-,-,"[0.8747, 0.8771]","[0.5654, 0.581]",-,-,-,-,-,-,-
Credit,10,"[0.2612, 0.2634]","[0.048, 0.0482]","[0.2567, 0.2589]","[6.593, 6.704]","[819.94, 933.5476]","[0.2589, 0.2609]","[0.0476, 0.0478]","[0.2545, 0.2565]","[6.4744, 6.5786]","[1055.2896, 1432.8576]","[0.2576, 0.2598]","[0.0476, 0.0478]","[0.2532, 0.2554]","[6.4105, 6.5209]","[2846.8877, 3892.5021]","[0.8015, 0.8043]","[0.5951, 0.6023]",-,"[0.8024, 0.8052]","[0.5945, 0.5995]",-,"[0.8012, 0.804]","[0.5932, 0.6]",-
,30,"[0.2724, 0.2738]","[0.0516, 0.0518]","[0.2675, 0.2689]","[14.9098, 14.9876]","[662.3405, 789.7837]","[0.2814, 0.284]","[0.0515, 0.0517]","[0.2767, 0.2793]","[7.6563, 7.8007]","[1078.4313, 1109.2753]","[0.2818, 0.284]","[0.0516, 0.0518]","[0.2771, 0.2793]","[7.6746, 7.801]","[1390.0224, 1576.478]","[0.7957, 0.8019]","[0.5834, 0.5972]",-,"[0.7972, 0.8014]","[0.5753, 0.5851]",-,"[0.7958, 0.8014]","[0.5745, 0.5871]",-
,50,"[0.2889, 0.2901]","[0.0565, 0.0569]","[0.2833, 0.2845]","[8.03, 8.0932]","[680.6784, 821.6514]",-,-,-,-,-,-,-,-,-,-,"[0.7925, 0.7969]","[0.5651, 0.5723]",-,-,-,-,-,-,-
News,10,"[0.379, 0.3824]","[0.0654, 0.068]","[0.3731, 0.3765]","[13.9186, 14.1758]","[4190.3856, 4936.5338]","[0.3764, 0.3786]","[0.0663, 0.0673]","[0.3705, 0.3727]","[13.725, 13.887]","[10501.8434, 25315.8332]","[0.3768, 0.3788]","[0.0662, 0.068]","[0.3708, 0.3728]","[13.7528, 13.8978]","[16989.6809, 21301.0577]",-,-,"[43059959.1082, 43127962.5918]",-,-,"[43100644.0919, 43152793.1045]",-,-,"[43119644.3581, 43217080.0463]"
,30,"[0.3969, 0.3987]","[0.0934, 0.0938]","[0.3857, 0.3875]","[14.88, 15.0174]","[3658.9087, 4273.2063]",-,-,-,-,-,-,-,-,-,-,-,-,"[43043533.1283, 43338975.8917]",-,-,-,-,-,-
,50,"[0.4069, 0.4095]","[0.1225, 0.1231]","[0.3878, 0.3906]","[15.0467, 15.2569]","[2542.1285, 3020.8667]",-,-,-,-,-,-,-,-,-,-,-,-,"[46501018.1449, 48086841.1751]",-,-,-,-,-,-