Smallest value,Highest value,,,,,,,,,,,,,,,,,,,,,,,,,,,,,,,,,,,,,,,,,,,,,,
,,Median/mode,,,,,MICE,,,,,kNN,,,,,MissForest,,,,,GAIN v1,,,,,GAIN v2,,,,,,Standard Deviation MissForest,,,,,Standard Deviation GAIN v1,,,,,Standard Deviation GAIN v2,,,,
Dataset,Missing %,mRMSE,RMSE num,RMSE cat,PFC (%),Execution time (seconds),mRMSE,RMSE num,RMSE cat,PFC (%),Execution time (seconds),mRMSE,RMSE num,RMSE cat,PFC (%),Execution time (seconds),mRMSE,RMSE num,RMSE cat,PFC (%),Execution time (seconds),mRMSE,RMSE num,RMSE cat,PFC (%),Execution time (seconds),mRMSE,RMSE num,RMSE cat,PFC (%),Execution time (seconds),,mRMSE,RMSE num,RMSE cat,PFC (%),Execution time (seconds),mRMSE,RMSE num,RMSE cat,PFC (%),Execution time (seconds),mRMSE,RMSE num,RMSE cat,PFC (%),Execution time (seconds)
Mushroom,10,0.3955,-,0.3955,15.6410,0.0088,0.2992,-,0.2992,8.9540,"16,623.0",0.2938,-,0.2938,8.6331,13.0536,0.2738,-,0.2738,7.4981,234.6251,0.3012,-,0.3012,9.0751,219.3784,0.3079,-,0.3079,9.4840,86.912,,0.0012,-,0.0012,0.0672,15.2347,0.0036,-,0.0036,0.2166,7.2016,0.0063,-,0.0063,0.3897,0.9662
,30,0.3964,-,0.3964,15.7140,0.0088,0.3071,-,0.3071,9.4312,"13,624.0",0.2857,-,0.2857,8.1649,33.8431,0.2946,-,0.2946,8.6782,226.0323,0.3106,-,0.3106,9.6935,491.4529,0.2986,-,0.2986,8.9153,133.0322,,0.0013,-,0.0013,0.0763,15.9593,0.0221,-,0.0221,1.4336,525.3096,0.0037,-,0.0037,0.2206,1.1794
,50,0.3978,-,0.3978,15.8236,0.0098,0.3194,-,0.3194,10.2035,"9,907.0",0.3122,-,0.3122,9.7443,55.9795,0.3084,-,0.3084,9.5111,219.9948,0.3023,-,0.3023,9.1395,289.4416,0.3110,-,0.3110,9.6780,133.8178,,0.0007,-,0.0007,0.0453,8.3034,0.0045,-,0.0045,0.2745,3.7351,0.0059,-,0.0059,0.3671,1.5562
Letter,10,0.1555,0.1555,-,-,0.0231,0.1522,0.1522,-,-,798.0,0.0563,0.0563,-,-,20.0696,0.0668,0.0668,-,-,150.4569,0.1307,0.1307,-,-,80.7946,0.1489,0.1489,-,-,32.8274,,0.0002,0.0002,-,-,4.3683,0.0041,0.0041,-,-,0.7416,0.0087,0.0087,-,-,6.664
,30,0.1551,0.1551,-,-,0.0192,0.1614,0.1614,-,-,634.0,0.0949,0.0949,-,-,41.0851,0.0863,0.0863,-,-,181.5598,0.1410,0.1410,-,-,21.2775,0.1381,0.1381,-,-,7.0703,,0.0003,0.0003,-,-,4.3650,0.0057,0.0057,-,-,0.0955,0.0058,0.0058,-,-,0.0424
,50,0.1561,0.1561,-,-,0.0201,0.1736,0.1736,-,-,469.0,0.1421,0.1421,-,-,43.3355,0.1117,0.1117,-,-,181.7431,0.1535,0.1535,-,-,21.3343,0.1395,0.1395,-,-,6.8924,,0.0003,0.0003,-,-,5.1825,0.0138,0.0138,-,-,0.0488,0.0022,0.0022,-,-,0.0233
Bank,10,0.4957,0.2661,0.4182,17.4882,0.0441,0.4280,0.1585,0.3976,15.8082,"27,945.0",0.3891,0.1201,0.3701,13.6989,242.7307,0.3601,0.0790,0.3514,12.3461,373.9059,0.4571,0.1991,0.4112,16.9196,102.6840,0.4540,0.1679,0.4218,17.7947,42.2187,,0.0012,0.0006,0.0013,0.0939,56.2091,0.0085,0.0143,0.0083,0.6806,1.7348,0.0078,0.0073,0.0065,0.5464,1.8605
,30,0.4942,0.2636,0.4180,17.4764,0.0489,0.4496,0.1823,0.4110,16.8900,"19,092.0",0.3905,0.1309,0.3679,13.5349,554.8403,0.3739,0.0915,0.3625,13.1404,367.9164,0.5023,0.2606,0.4289,18.4549,126.0892,0.4947,0.2301,0.4378,19.1702,54.2925,,0.0017,0.0008,0.0016,0.1155,32.9080,0.0321,0.0290,0.0242,2.0728,2.6756,0.0059,0.0091,0.0060,0.5224,0.5777
,50,0.4959,0.2671,0.4179,17.4599,0.0477,0.4752,0.2148,0.4239,17.9660,"13,067.0",0.4389,0.1914,0.3950,15.5999,"1,152.8814",0.4074,0.1255,0.3876,15.0221,343.9106,0.4960,0.2452,0.4306,18.5818,126.2219,0.5345,0.2847,0.4509,20.3589,52.2066,,0.0012,0.0019,0.0013,0.0013,37.5680,0.0191,0.0210,0.0202,1.7735,1.6451,0.0177,0.0365,0.0172,1.5672,0.7102
Credit,10,0.3412,0.0711,0.3338,11.1390,0.0482,0.2694,0.0667,0.2610,6.8145,"53,815.9",0.2488,0.0525,0.2432,5.9145,212.3275,0.2623,0.0481,0.2578,6.6485,876.7438,0.2865,0.0846,0.2723,7.4319,123.9849,0.2845,0.1039,0.2641,6.9782,47.9572,,0.0015,0.0001,0.0015,0.0776,79.4117,0.0104,0.0266,0.0121,0.6760,1.3439,0.0100,0.0217,0.0040,0.2074,0.9722
,30,0.3366,0.0707,0.3291,10.8315,0.0479,0.2852,0.0709,0.2762,7.6288,"37,228.0",0.2631,0.0548,0.2573,6.6212,412.7396,0.2731,0.0517,0.2682,7.1931,726.0621,0.3028,0.1310,0.2712,7.3627,123.9755,0.3143,0.1298,0.2841,8.0744,47.7763,,0.0010,0.0001,0.0010,0.0544,89.0829,0.0148,0.0337,0.0077,0.4187,1.2934,0.0196,0.0395,0.0049,0.2777,0.2137
,50,0.3376,0.0711,0.3301,10.8933,0.0447,0.3048,0.0744,0.2956,8.7387,"46,321.3",0.2805,0.0628,0.2734,7.4761,426.9053,0.2895,0.0567,0.2839,8.0616,751.1649,0.3658,0.1897,0.3084,9.6314,124.5231,0.3477,0.1960,0.2859,8.1818,49.4874,,0.0008,0.0003,0.0008,0.0442,98.5402,0.0678,0.0779,0.0347,2.2711,1.4935,0.0193,0.0326,0.0079,0.4514,5.8603
News,10,0.5046,0.1942,0.4658,21.6931,0.1543,0.3975,0.1412,0.3716,13.8075,"121,295.4",0.3824,0.1138,0.3651,13.3282,200.3602,0.3807,0.0667,0.3748,14.0472,"4,563.4597",0.5286,0.2028,0.4877,24.0928,156.0280,0.5080,0.2025,0.4659,21.7286,60.4982,,0.0024,0.0018,0.0024,0.1798,521.5579,0.0521,0.0083,0.0553,5.5473,1.5820,0.0143,0.0055,0.0155,1.4447,1.5414
,30,0.5046,0.1954,0.4652,21.6391,0.1478,0.4273,0.1606,0.3960,15.6822,"106,131.0",0.4226,0.1319,0.4015,16.1178,815.9997,0.3978,0.0936,0.3866,14.9487,"3,966.0575",0.5818,0.3011,0.4963,24.9993,127.1362,0.5231,0.2769,0.4426,19.5948,43.1571,,0.0012,0.0003,0.0012,0.0960,429.3943,0.0491,0.0171,0.0607,6.1141,5.5248,0.0212,0.0378,0.0075,0.6647,0.4283
,50,0.5041,0.1954,0.4646,21.5900,0.1457,0.4561,0.1840,0.4173,17.4153,"95,325.7",0.4671,0.1539,0.4410,19.4521,"1,082.1920",0.4082,0.1228,0.3892,15.1518,"2,781.4976",0.5090,0.2006,0.4676,21.9779,167.8975,0.5206,0.2352,0.4639,21.5315,60.5239,,0.0018,0.0004,0.0019,0.1469,334.6382,0.0328,0.0130,0.0332,3.0927,6.1150,0.0122,0.0234,0.0110,1.0299,8.3547